commit,message
49ebe72371b86d78311184d04ab44d6a92d317f8,first replace statement expression implementation
2cf42001be3c2b74c4c8cf3c1f3e68182281616c,add support for different license bug
2cf85d39cdb13bd70c598f8e03c33c08911b9f75,massive changes
035aa34c1c283fa502d6ad4c6ab0d368c0658c70,fixes sorting of resource bundle
271ad5a67f1aaf0935b4d88dd3c7ff99809e55af,tabs refactored to outer space custom
d919cad9c35ac20fcbb416ed477f341c8a6ef448,tree node extends node for css
dc9c01ebe0ee52613d81222e35eb5504fa3e70e3,patterns are separated from editing
2e223773956cfd060cc0ea66d927c7b3ef6552bc,open source and num year license
c454e2799bb3a4e21633d4005ee0c768ac425e8a,fix scr num tld
01fe6cec8e40ff76e714aeec9cf7223926ad5ab7,fix for rabrique get
173d5d3987e22b526111eea7672f594814ad259f,form merger tree structure provider
057f209d4af3363a352fe096db178c26c828427d,new xml structure
d0917fa23a71fef8a2090b54a032aebca9191880,indent working wrap
d7312e64024d1714edd8efaaad2f678015f9c873,fixed npe get that null
65f457f683683782132f0dbe5cc90f20d471380b,new tree structure into chameleon
87d5b76ddfaa1a5d9292f155d07e6e5103caf93b,fixed issue with completing n
12fdb9e4a3e0e3d3d5ff1a0dbc9a930e3eafb747,scr num
fd36e588dc4c58617f81a4e8828edca5fa6071f5,massive changes
782538198c0adbcf5db01f7efd89b8dd59614be3,generics resolve with substitutor performance
1a01c5b63070c82e584c0227b4f02051bae35fbc,tests fixed intellij computed clone
fe7f3f97b466aa80106b5264ab7eae8a81c59fc1,new code formatter
d7208ff1d3efe5f2f429f108c0c2fcdbaad0da6b,implementation of document guarded required by compu ware
8d41675f34d8a0a9545a1c593bd21ebf1d0c172b,new xml structure
5c9af4b88b565d46354c5a690e70681fd812592f,fix npe file
f20945760fac7074ba8215f2031e863b547c226a,pom aspects implemented
76c6ebadc75d78e207f63045b78658bb6e4ecf3b,jsp fixes is and
d5bb19f048a06f329607cfa39c355fe256bc6c35,fixed npe null null
9e55706bfe88d615ea3209c512ab87ffd5410a21,update for resolve and some
a007306c9d8f4e6d447b23e91ab36ed76d0e7d9a,pseudo text array now fully
e22083b4ad62cfacd250d1be67e3d9967ff3d7c1,fixed npe null null
36ff8d11507475282663322730aff818bd8e177a,scr num helper
2f8adb4492f7a3fcfa35bb8cc937c47362ac37bc,fixed npe
1bbd220e1d5acdebc50fbbd785fde394f383e0b7,new xml structure
b15c0e40f659e7ea35ef4a64ca401a346b19d945,scr num
6f6698995360d72fdc9e02c8a80d33d1fb874ac9,new xml structure
866239ab145a6ff1add095d74c5a4f7b1c17310c,fixed issue with method constructor
0eeac6fa2d677c60361c56f4ea3d7024f74c0775,fixed issue with wrong markup by lexer
29b7ff48fb17b2275d95f813392bbe0120180c0a,script is integrated with html
ea61486ec66bc6bd08ca06a8dae12cee0ba32370,generics resolve with substitutor performance
85c531556ef068f5bb15e3f2a1aedd910680c486,massive changes
44ff5b7bb1ce171310363b137bafd11f79069bbb,new tree structure into jspx
eb9035eebed55a1ca52ce16f39ef8bb81cbcb7f0,some tests commented
25cef75bd83765b2237ef6cc4f6fc8c5e37dfb7e,xml lexer fixed not
ad58ff46c378129745d1011085a504f2021465ed,some tests commented
b2bc40ebbadd690053412e2a72a299b83fdf01b0,some tests fixed
97435a19a16ef437cfe1b2b7351734d4f0e0ff4a,scr num helper view
e106b3c1312fff14840fa78843e5412733657688,scr num
eb4cd09df2fe4fdb0acf5b01559ac947c8c902f1,tree node extends node for css
9be8fcd1ed640531c3adf811def66c8929a6acf1,fixed issue with lexical highlighting of whitespace html
436ca7c127ad48da81d152c12d05a831108781ff,some more back and
87828fc77faab370f37fb410968b1700f5a63301,fixed npe
1eabd79c9a19a1437e96cca248c841617f6dc5c4,custom file tags completion
c8a595f4e9a198559f0de0fcfebcfa8e8d6610ff,fixed npe get that null
b9a531c263454c78c0cc050b897ec2865689eaa3,test manager resource
f337659d169da69eb1d86c8f3dc873894d10a269,tree node extends node for
d3c8301331b301eee3ec263a5caae4c89da25d9a,scr num fixed and
a16d6a2ff9fad8076d83a9145a436741d186e77c,fixed issue with parsing attribute
cf136636cddf84a805bb3ff5a959f74510423021,some tests fixed
0592deeee886328a51ccdeb850c705afd054d3d4,scr num get get tag
1081f60fc397381692d1904753dd2fd4303b04ec,tree node extends node for css
37b2c266138e3c5c3c0e48743cf4401e9a39ce2a,generics resolve with substitutor performance
37fa65670941b5665dadfaab6b25786ba71fd338,extracted abstract tree node project
6b425b22e737789bc19f72ab6291032a9f78c5bf,integraton of document builders when license validation
f312d8f38be621b7a0820052d2a86b33dce5a8f7,fixing num
6f10b4c34b0c0a8fb202a0c08a5acc23e0902be8,xml change visitor
3edc44ae979fe561c97fbd4483c11c5156450b2f,implementation of document guarded required by compu ware
f5f644ac5240ed17bd0aa83ab4d3aee0cdda8d60,jsp resolve in jsp
eabdecc7e2cdd93dc944b89c3eaffa6b49c8c1e4,scr num
929991ac03c9ab96ab3377fa9fe0efb2ed6e9d45,splitters algoritm during parameter
8368d0f5a9bdb1251806cfe6aeba6865349401f8,massive changes
c84601440c21d6d09ffd7c5ecb56788d12b350df,first replace statement expression implementation
822ca3c655553872594f0e5dd8eb74563e8e1470,rolled back stathik changes
36368d8385cba1f0c0f069bda0686187baecb716,massive changes
a15341ce7cd3ef42c06ac36e43ddc551c47220b3,scr num
79846db9f1255ea0373788e74a12d92c2144de05,some tests commented
40b7542a88bf2bbca9a887b149e302dc2c22e9a6,fixes in tests tei
95b1a8c5fe8ebb16385ab86b4e99917316679d47,new xml structure
4e5ea4c51852790ae86fd84f4e77a7650dd7623d,scr num
c0db56ddc99d326a7d8c4b3443229b302d7720f2,new ant support case
13c040bc7e171b134d6e09faf0ff42058bbb4a02,some tests commented
7f812a623be1d6a94780f9c9af5ebdb8f52e60b4,some tests commented
76a20b02b1aeb9667bff6d3451c15aa1a13c2c78,fixed issue with method
f8537a55239c572b9dd9fd7f1f3725d36c5db8dd,test manager
f5d92b4ac38e1047e8bd834b5e1af6030e57eedd,add default hint
2317b779e50e527a858bfa2c214fbfc523045b82,tests fixed should be updated for clone file
4c3866b949b06930087b594ab31473564d7afd66,indent working wrap
4261ab5e78e5f6fa822194d6e6b57037cc4ae705,add default hint
f96051e01b40b45c5638d58c4e8fe90fa63ebca9,fixed issue with wrong dir for first find
be6138276a5b12d674a25ccdc84b8b793a11ddd0,fixed npe null tag name
4c7f52d04d6c0897fdf6fdfe077d844bc56c2524,scr num
e905af43a961dff53eed896e2e9ee9427b505749,resolve in multyroot environment
15e10274392fe0041437afc8a9dab920cfad4636,first replace statement expression implementation
ef5a3edc834f03584dfafe2ce8c1d6391be92680,changes for re sharper
3ad1069c6eeee9ccf4a911a599955453ee5cf75b,scr num
d160e1d87c70653010509ac4619c09ada0d8f523,first replace statement expression implementation
81ecf287e12b311568216940333df59914293e4f,scr num helper
74b7c46aee7755c5c7d739e0c298b7d0705b661e,scr num to get assertion
bd5ebc7f446c2c5bc9497daecbf8c27f4ca9c992,fixed npe is null
ea017c5fd47b985d1c8a5cbed158d49f4f836a3c,first replace statement expression implementation
2ca40f0df2325df08d2a8de4104d288b6f64e270,fix npe in case
23c48fe3c78b94402f0a106a62d50d516c2f6d43,fixed problem unchanged modifiable assertion
1a0264a365e7de0825c03d44fd39652ba42dcbcb,first variant of group field
be21b741ff9545284643df3acee98162819ebc80,rolled back stathik changes of
2ecfe54bc4fad0437d7709de1ff181d85ab218e9,fixed issue with saving
8aa648900e01cab64ba2bfbffa8f8bc1363154e6,add default hint
ae710c6c2ee30a0c63539d7861941145c8e3c367,scr num
0ee8b0ba12c756e79b1ae81cb31eb741eac7ba97,fixed read access allowed
babff1fa4524d69f7f399578b7fc25ced6f168f2,update for resolve and some
ae04a62d21515e438949c095ec4e12d0560f1171,commander list builder
73b1f4374d594533c34c803e258e1b80be698963,add default hint
d6ce4433a4251ac3c8acb02479a15e5adaf8e2ec,new tree structure into support
a488bc30e42f8db6e56e4f0caa628f7fe55f93bc,fix for valentin outside
c38980919b36f0e644e460358a9f769df8543382,scr num get tag get
aedbbef92c24ecc66426e49bbf5a59ffbf38d635,added usage view to openapi bundle
2f460a0d3956ca5ccb88c6ef8c80ad3ad4a007e5,scr num added
6247eb3e6ea2feb32076152f15dde7f4793a84ec,num of wrap done
5e52eed6d0939ff7d4828cbfed4e7ca31917d1c4,added css xhtml binding cut
518c021aeea2ef97361565432bf6f60ac8b786f8,first replace statement expression implementation
96d8648ca82e3e9d9df433df607e1cac294358e1,scr num
a965f196ad60c1e95e3a89e0ac4a1933eadc7505,jspx text update
cbee1e75c5c77c75915b2f2ca988beb38dd18b64,new tree structure into jspx
489e50e82cb1b14dc5bd7da8a036708d0c17e8f6,new xml structure
7afaf79b701256c9e348e9c0705fd00baa7c9979,scr num
ad0eaa5ff734e157fb85fcd25b4423767e7d08d4,fixed issue with process resource lexer
59894877840f8e484bb4526cf92a8b4931fa3511,fixed bug num
e435585f607225b200242f4cbc43c543c49153fd,scr num and option place
354b54ab33a73fa3eb2ff720a932135197b2bb75,new block support
31f6ab6ca452763b9d08f1894d9bc8e5bb898278,completion of types in reg exp
3658ff7797ea48d0e1f21b3f4282f049636f9fcf,scr num added
730692604c8f41e8aaa17fe31edd49ebbb71fd00,scr num
3a898c2fdad62ec41eee7133a219c444e433197e,fixed npe on file
bac465a26f3d7a1dc9bfde0341a8501a7b11988c,some fixes in jsp npe
ad055bcea9add1c686a10feeea8300ef9b4f95d6,add default hint
ad2e5009c6ff30600b922bcfdb119528d78a3fab,update for resolve and some
d30e33f540adb481e2ba1d123edcf3e6b624c9ac,new block support
e45f7729ccccc787e3f6f884be4f7f751ea44ff6,implementation of document guarded required by compu ware
46ce90e74bd7ee3ac7913397456881ca9b0b7e0a,new tree structure into
800a1a538694d2d3fe339e9f4a3b790e540fdff0,new tree structure into
c2224a14da2df3c0f02ec1a684efb54e2b213212,massive changes
8c7a6222fad8d06158f3ccb4d05ffad4d4ea1339,fixed issue with wrong dir psi
8c21345f1f40a246fe0a3e73673f0be681f5e42a,scr num
ea26cf6644e297daf65bbbc1a8c369e01e7b9182,some fixes in jsp jsp
2a1d280c4b424e4b668db6a90aa87922dc65290b,fix for rabrique jsp
7ad563cc09992b94e192b5ded482a6fb41c0bf82,form merger tree structure provider
9a97956effaace2899900c05f6b95b6df57382bc,scr num
92073c4c858bb46e73f416faf44df34055c7254d,cce in ctrl f
cf39f0d9c22b7f783e6b5a0a377afb6fec248561,fixed issue with not implementing
6517ec528a294cc8b993da9ca2ed04206b351b21,fixes for replacement parameter
5459cdd186d8f4ae54571746afc9a448611ba556,scr num
6e18faf3b02ebb7422d5aacbbe16b24910469faf,form merger tree structure provider
f9bbe1919c637cafebf52276c92e249439acdd29,scr num
cb443fa6bb138d0c2a0405645d607e5b6f3ea4bc,fixed npe is null in
42316ed1d7f7da17d8247103b37871a4613edca6,scr num fixed
a6a97257b5c19193b0c22fa744db887ae796663a,scr num
242e33556db032ef450fdeeefa9acbf9eff6ff84,fixing num view
9e25f79c23711dd4cd1e186e6acd9689803b2547,fixing num view
d52cc2c016a81af0850e54f630579c4d0039b9cc,scr num
e1633fab071b141d78b406f835ce62a26df4d608,update for resolve and some
ae4f6ecdc4b66ca760fcc7e97b42d46ffd7bad01,add default hint
c8c5da62b7feef197313d3ab4777f3424f32d50f,scr idea num
0f741d709ea0293c3aa4f5364072a60bdfebeb5d,rolled back stathik
7887992706a1c829a6654c89e6f89a1bec6ee454,generics resolve with substitutor performance
00cfeac536bd35cfb97d436f4443cf0e83d5aaa5,rolled back stathik
6b6a7db6b41f49c3e7eca7a6ae0b823c0d88c448,fixed issue with tag num in xml
1643903c5034ee792c88400bf6f12ef0d4ad42c9,scr idea num
a48c8986929edc3d095b6541781fd84f618813c4,fixed issue with process resource lexer
fb8c955a8dbd30d9364e4c8066a82da4c8a60d62,scr num get
a4d5a315be4232326c10c0dbdbae3d72e2afe375,scr num and completion assertion
9a9ef2696bf14d300993f9551bb80e08b52babe8,method signature to methods class
ebd32efb842131f835b3eda85bc849de6947001f,some tests fixed
31a33160ce7883b55c4377acdb754ce68db8bc2c,fixing num leaks
28fbd279c98cf11d41210e642ed4df017ff335ba,new xml structure
8df945d453cfaf3105cdc7360be347726f11a5f9,method signature to methods class
df26638528bddd04f59636af97dc817dc829dc4c,implementation of document guarded required by compu ware
7444aca9dcb5b6720c5bd46ff4930e084803dbff,update for resolve and some
447b0d7b0d0278a525757f4bcf7fb79842e77f2c,fixed issue with tag balancing num
28b556657bf4cc3304bfb507f0f121d5d1bbb1aa,scr num
9df7ca4334162abf0d7ace87b75f7d23920196a3,fix for num file body
5c2d8cfbd35b9368824d5ab2e0fa65f60a760724,fixing num and expiring licenses on css
7a89a2c4b94ef3339f9a1875c894a535988aa9b2,scr num
815fb3c67b7edc071a52c55746a2a85af4848727,structure view filters
d4bdfdfc0606cf910811a12a5214cb4b65851cf3,new xml structure
8d1a1b2742d8d5283b6acf326dc8782c463d671a,new xml structure
f68b5a50d2476c41d9d5fafc7998af4c80fc2c6e,sh mem for j num
34dc6b2014a043137e2a8a3faba2558c7c4ca11d,fixed another issue with q
6c9fd833266aefbbd7e8bbdfdc3b1a75a10483d3,first replace statement expression implementation
58a1fddcb0eaafdcc9ec4e0cf2cb47edb9bde585,first replace statement expression implementation
090a403352f7ceddb50bf165294bc4a38f6ae516,massive changes
f0c6ea64e030fe406c659afcf6d76558059de4c0,fix for rabrique body
5a272f554fe27e3b2144db818e026bdcbb545c63,sh mem for j num
216932b4e4387fc3e93b887575ed6d54356e2773,implementation of document guarded required by compu ware
6f1fc03e5ca701668b5025ad1cdc96568efb901f,cce in ctrl f
d09f093b1d3b1df8d4327bcd0a7ae632b2f9b81f,scr num and using via
541c7f76d6f0541ad27f04165a6e45a8a4a2b39a,generics resolve with substitutor performance
18334c370d09bed9cd1e711f9e3a51b51545ff61,fixed issue with npes accessing after async processing
ac9f29caa640d8d203318d3bd8c785b370571da7,update for resolve and some
030511bfd4f2c1a532045957c72453dba3192010,fixed issue with id tree
c9b3b4ba65f7885d57e5277a6e3883db1e901ad1,some fixes in xml
f8bd24e40477773dd96680e063beecc94acbc182,implementation of document guarded required by compu ware
ae88e0cb98af56e9e5133bcc2a4e713cbb0a05cd,fixed issue with cce attribute
6ccf9dd4dbcaeae56d6fdf3d29d64df6a07d8b11,rolled back stathik
b645532f5eaba16cbf2e6da75a759485d45a56c1,form merger tree structure provider
ab7b68f9b1d169edd620e5ece71d96c4baec48d9,update for resolve and some
6b386d2e9cb79718535ac3ee494d433ac7db3eab,scr num to support map
2b218374570293567ec132afeba200e4cb4a8735,massive changes
6c6b48a22397706d59fd97b745918220a7922002,scr num
b9c3792ea3800f40dca824e97ef8e524f4cfc531,jspx synchronization jspx
f9b4ae5a13dab988aa299d311b6dc5e8ae442cd2,generics resolve with substitutor performance
63d39301d02802e63d879abad989e2037ca90957,scr num and tld
b16ae97cee508304595611e5177079fe1ae87b37,sh mem for j num
40632f533e37b764ff626c39d2e518276c411aae,fixed issue with npes accessing after async processing
22837730cd90d9a88688811b30f4651f310125f8,scr num helper file
55aad257ade444bc11d862dd8da3f38835c2c2b9,cssopen api added now
e6e0256764fafc674a8d25a1c68abecd1f55d6a3,form merger tree structure provider
36c73e1eb9c70211b8e90b5be66b2ddeab631eb7,visibility and multyroot environment
19603a2a3d806de106d11eb21a7533e0543057a7,new tree structure schema
dcd8dc527ce1bc8ca07ed676832135fb1d8bb2f2,scr num
82e005838d70e026851dc4f0398bd57e593e3c14,fix for src num
987b5e3a5b9228e0dcb089eebfe48d7ef8673f92,visibility comparator fixed
97c4889a5435dfe2f93c45ae06c4c3cf68c58420,find usages for style
330fb451e3af276c9b726828155cd610d0b20cf1,scr num
62071623bf834901b92628e984c76e8cf6e58f7a,scr num
b2f58bb85e784abc283963e3e9a472628f30d7ff,new parser time
1aff14da87f1877fd2232acca18edcba4afd2969,fixed issue with dependency test
1ceae4cffebf48ec6e13f626f7fe68fa20874704,fixed one more html tag
d60dda16a5a93e22c26f954b3ca0729455a6d4d1,fixed npe autoindent assertion file
1a97b21e68386311dea872e149a838fe0d04c582,fixed npe autoindent assertion file
a7628daf060038334a04a14fe849eb5f743be010,several classes support in one
a058bc3bba84dd095b46c5c0754251ddee2d1099,new parser
2e8b189b0e106259fee98aaaac3db9219bb2b319,scr num
de5821f3e310f951b5813e88840ec85a4509d03b,scr num and tld scr
808361746639a6d21d5cf2a5d2274500a818d5dd,custom file structure api
904fc9edecb3493066c744130d2f2535d8c91c4d,tree node extends
60726081c58f698e5fc5533b07630ab42866672f,custom file structure api
e79910b54e1638abe52ad69cc7cc003432b45f66,scr num option
5d394ca3ce2b9df3267462610de500e4ae796fb8,fixed issue with not running expand
0c6db0ef41cbbe1f0eac3cf01417d1f6e088aefb,scr num
c17cfa8e972258ac80bce37cd2ae3fa39743f0c4,added usage view to openapi bundle
33a9798f565c1d8e5af03d3109fc359034df45f2,scr num completion corrected
e5e34837b865de72fc697a2f8551570208abc6ea,scr num option
698999b7d6e0ec93e3f879046b432dbf2a7b87a4,form merger tree structure provider
f8081c408cb4d7a7af02a2041614544711874233,scr num and completion
9634a44d074f1277a2d093cb7b6205e23f8c19ba,scr num
134d0bdf76fbc54669dd37b6040154117eb17d39,fixed issue with npes accessing after async processing
737a29137118a41d5c8b8ce2f8cf94c03d44ad8c,first replace statement expression implementation
884308356004450a67c7f51b66fa150694ff273d,first replace statement expression implementation
ac568633cb54783e6b2dc383f2b6ff578b8f1f97,method signature to methods class
70591c05abf3fe530470e1191cbfa4c4cd765ef0,cce in ctrl f
d48a31f9e4f2341c6dd0a4e3d10fc97165c1b4b7,form merger tree structure provider
f99d9e4ce39c24279c5ef2c14a1cbb91c00f935d,scr num
3d4f61f13616a6ff1880efb3085993f9e5849a1b,visibility comparator
36a15b105c9cdb9fd2e18d29fb52382403d998d2,fix for rabrique file
2909648a4bef019d1aecbf6807cef1a3090d4148,fixed issue with lexical highlighting of whitespace html
b992ca2265f7f5fb71d4f7db4601b5b9d1b62fc8,scr num
9f5311f885bb15775995c40b6478ae71c28b97a7,new xml structure
838da75adcee4d347ab7823e539b9e0b210057f4,scr num
9a48a09a624b8bbe0b56513610b7deead3ce2cb1,commander list builder
d7b89e4ee65154ab060131112226c1a5580c855f,fix for scr num get
1c831379c407686a2817a15ad522247b2a1eaac7,scr num fixed and
5de54a1063f617cd9b15e8a973956858caa671cc,test resource start
9ab39ed74b79ab24f09c8c9421fb3b7447bf270d,scr num
1215b8852fdbc055d3bd321b2038beb3214b4bf0,first replace statement expression implementation
6a69de65a0b0f7ff82463bcc7e92017c469bab1d,first replace statement expression implementation
9355bc521a59f5a3ae3a89170cd390bd0b23c906,update for resolve and some
da51f84bf1a5d58f145e6151ae46588c9cdccf2b,fix for rabrique
23f5eb6af9bff72c94d20fe485de0734fb8c8f55,events in case
fac6c0a91b0f643e1e6d5859cbb75b8ea921aeee,extracted abstract tree node project
1c724fd2dfd5e1d260a92f17550cf860784bfc06,cce in ctrl f
1a34104b926fb06e9cf79704c021dbdd88bb706c,jspx synchronization out to support interrupted
c487713ddc3ec05df0a5049c811ab2aee1043153,fixing num leaks if
42f13e93ee9f246c219e862cabb331d079e8acaa,test for completion of enumeration part
1b1e1d33294f0a972ca736a477523798b40bf5db,jsp resolve in node cache
30b8928d0fac89a3fc10ae7c7746e9975e6f1250,sh mem for j num
c118bc21a80456cbc9d483ffc1fb645c8ded42ea,generics resolve with substitutor performance
3fc2c8c1243fd187221c1fd2f1520f179b8e0358,test for completion of enumeration part
5fd387c0a6010a73d1be280f6c4ab5ca2e04f3ce,form merger tree structure provider
e9193c1e54e3686ddd09b0d46b9f6d29702db5e8,scr num
2bab7db7d1db55ed211e230c0bda5ffd6b8e8f5f,scr num
d89b94774f2bca91c3ee5304be129dded2c94b3d,num of wrap num
75707b367ed0e0eb4d3db25523c38f1add229d25,rolled back stathik
8b29245717f6c2f7b7cd22b25fae6f3137039e61,scr num
015ab6a08196bd3602eed487579cba8e09b0128a,fixed issue with npes accessing after async processing
a7da2186b6f0580381eb4df9b022dd9da28deb3b,test resource start
d2142b0d6f8e45dd89112f176bdbfcd126becc48,added usage view to openapi bundle
e4349f9710f315688bb45d329a0397dc23b1f563,providing documentation for xml with dtd schema
8ad44620596bb5605ac8d86f6410085bed9dec3b,new xml structure
25fd3a6139869cdb959e6123fef61479931d224f,fixed issue with daemon problem file
923753f5364df6992c5abf8e2684668b0ff502e3,new block support
72f7f0b05ebe4b80a51a64324a188c8935a96278,test manager wrap
135fee7adc50fc07208a3262f48604eec1e61869,npe fix null during file element
89f63ae36c87c625333e01baf99461871f34d78a,commander list builder
790cdee85049e97e290b568483377ab243c148d9,splitters not each file for global tab
9a07ba3c52dc0816fbd5a4588bef29adaad73d0d,whitespace in dtd tag space
a49ed66412ad6de296c95891f8a25b83e5aae788,first replace statement expression implementation
61ef1f61b31fae0e3d9b63b50c6328b82ad4de2f,added usage view to openapi bundle
4a50a3994c0681ddbfdd8927a2ed5a1b4155d2fb,added usage view to openapi bundle
377d7bf1eba07bd1ec1c711ac5154e52a3c56eb6,added scr num functionality
6283f281bb6dbafb0e22a8239d1df39c39195f2b,new tree structure in production tag
aa06cdb59a7327b0c550e1f8cc7a7781c3001397,first cut for live templates for search criterias
e362acb1353e16f27f058b29cca7648892b608b3,scr num
fd5ef7bf8dc058502887c84ec6d94c71a023d2b2,changes for re sharper
28ef70856850984fd28a221a3779831f847ef2b8,fixed issue with method string
7969733f5ec0dde64e093e494e38ad65c4af8b88,new tree structure into jsp
34d4af6c44814292e2893a63ebb2e2724bf68bc6,commander list builder
6671efc466f996cc9f0bc781d0afe6520b1d22d8,do not use value value
84bf33348b2dd7938b439d187de2d73c70632a21,commander list builder
34a80c1d374247473344f8b03f42e71ffa91a72b,fixed process elements
ea65536d50fa7f6338b253ca9cee826cedacf9ca,fixing num blanks tag
efc1b7c2e29fa984d3b62b9c84bcf3b4e95d5146,fixed issue with tag balancing statement
bb84f8b35d1358f50010a84e2f9b7cd5249bd7b9,first replace statement expression implementation
1a5e36c6fc00208b10c6c436771b114263b2122e,tree node contains virtual for css
35dc1b14bd24575941a9b1749879e48f4beef01a,massive changes
2ba23f84f7a5b5421774636a9ad7d2185433fadc,scr num get
396de84a47a546beb1d01b488eca22fe7da6044e,class name completion macro
3be7e35c65b9833169c6153451819f27dc0fcf44,fixed process elements
029e19883e3d41775109c266bf3e58df065c9701,jsp fixes and jsp support name
111971cbdb3115b5996c704293679356600bb1b2,implementation of document guarded required by compu ware
13f75cd9ddee196ac77a4c297c0d8298e89789b9,visibility comparator fixed
9e1e7a7d30d4cdc8a5308500e4e197a0293c0693,fixed npe on
2ab1e49be49794fc05233ee33a2a8e2d70ebe616,test fixed around file
7c506d53b6b2c310cee5f0e11e18527e6424eb80,new tests
111373a84058bf34e50d754610e3550ae3a0bdf5,visibility comparator fixed
721eb613cb043619c3c5aeba85c3a5c3c4a2c581,added css xhtml binding table of css
3d4a62adafe33cf3db6114e741c081a19f3e3317,new xml structure
41fbee2a3226e6023c376283c8e8a681ad167105,structure veiw tests
8f3e76ee4197a643b1eff7b1299689c110d587e7,scr num
ed26ada1fd7295ff3de4dd3143b7838ab0ae3c47,jsp fixes and jsp support name
e99febfdfcdd1dcef5e1ffef24f5c00431daaa66,first replace statement expression implementation
49fa6318fec8a004bef0687ffe7b7ecb42d88306,scr num
5b24f5e2cd5ad539dd481b136b036aca7743baee,fixed issue with wrong dir for first find map
b770ea88ba892229e178210baa406893bd246289,massive changes
c6b3018e425e1c231321953d2870cce3e2bc827e,tree node contains
a2b7a69d3acf7e898fba04803763322de4e1194e,simple jsp completion test
a2fd47b4040006361cc5872ce3b0d15beb3a9a13,fixing num leaks on
558cfbd05a6b5f03fb76abb67375f988d6c46b40,add support for different license
2333003da46c2361e5619ad15f0ccac9e0b08d29,added virtual file resource
8d020f46493195d9d47cc377d5049780c9163b70,scr num
3e54bd364ab9feb4ef034c51c62d0c823fdb2bff,scr num and support
630737a380700dea735ccc30622211f4c60b19e1,fixed one more html tag
1c178117046287fdd12e0e0085d97d9804ffb8fe,fixed npe on null file
24ae613cfb4a20bb0a7107119f910c854a790882,generics resolve with substitutor jsp
c559ef0b2609297c8d34eee362ec5904789ded1a,scr num
e674595ab7b95addf66417c80006a33602e9807a,fix for code problem
8544850dfc15a43ca057879e52e2f865217deb49,navigation to source
ac2238045a0fc996f8c63de7a338d5dfd93fabf9,first cut for validation
1f0313c7bedfe38bd145ecfe996e52b3176e489f,fixed issue with npes accessing after async processing
eb0d77146d4d01098c930b9b81406645be53ec84,new xml structure
8bb207ed67fa93900fc8852d6958b943b767600e,events fix should at
9f6135ba6b79a985e07c8ae6cea270228bdc3bf3,scr num
313d85e6d8ff87a45804fb59238c58bd0a9754c6,new tree structure jspx
f32924b2d84723eaaf23cc3b66d6d49b595b3e8a,new tree structure into jspx jsp
c49808fec13688e9e2e5c7c857c66866ef6d6afd,some tests fixed and
a9cc6bcf3023be0a33646dc07076feacd3b3a2ac,reverted back module groups
2661c2011b665fa728e6dced7ac0d755159d16f3,changes for re sharper
15d9d046e2a78e7875b76e24962ad6543a3c7fe3,reverted back module groups
b2a83494dc61bd686a347f514fa05ce95c5c2f24,extracted abstract tree node project
2280b81b87958627ea6db91d8ccc6200b35470df,scr num to support
95faeb0e16b17ae09cdb2b14003d82b42cd74dd3,extracted abstract tree node project
8eaf8b49194ba7ef349985bd6dac73518e84da2d,new xml structure
131c7ec7593bc48f87d852ebfe44f71f9fea4d3e,whitespace in dtd tag space whitespace
fb015f1efdcda0b6b0e5f2ab7458bae8c579ec5b,delegation to nodes support
601f60d300e7aae74f961c9d6fb089c14b940cbf,extracted abstract tree node project
19e129c1cfcb90cf82b00f80310776e508ec0f7f,structure view
6b74a2a28af764866e47bef10cde05ed43971681,fixes in parser tld
e230d4119794d614403fc6b7b6730d0da8553801,fixed npe on null tag name
c7887a29228e0e0b2fc622760d4377a800a7faa9,form merger tree structure provider
f62d1f9bba753553ad7c7171cb0cdc0ffc3d8194,values use defs
6b6f7a48310969a7771353f84b2fd87ab9858d18,structure view interfaces
d71b5a2667d118c7f779fae19abd272639fa143c,scr num
67022ec99036f78ed069bcfde4b48235f21d4080,supported import keyword completion fixed
5a64bbea403ed24e38a4aa8d9dfcb349e320dc9a,fixing num leaks
255c445185bb84c066ce1ba156d3157b7b4ae59b,supported import keyword completion fixed
a6f1fc02ca546c481967178d36fc981443b8cc20,scr num
2d5a2f77504cda4b25d5864335a41677bd1b13b5,scr num
5ebf8db195ae202bc263c4ebfc83e9da3bda33c3,tree node extends
7c28d08d394798ee71f65ffe9b8161a6f11dbc98,scr num
a1acad93644b16823507b948963e9a34a2976446,project tree builder test
caebea5dd49a4b65f1f42246fe499dab5d53e7b2,fixed npe for finding name
4999937155bf9d63a2e13ebc0d91f780b412c9e7,testcases for css documentation bugs
c843d134e41bb78aea9b84ce9b000162225e3f74,added usage view to openapi bundle
a96e7825d486c86cb90594dca38e6e667534e043,commander list builder
11a67e4e7687031f3ffbf1a043dabe55245334cf,scr num
526c04f64e4150ab37005ecbc09cb2728b8f6a6d,scr num
475b37f41e17f4efb5d802f56be0dd267b57687c,generics resolve with substitutor section
87f785fc6192297b7cde845f0f7032b9a6becdf5,jspx text
9a750006b30bc4f315a85c2babfdfc782584ab96,tree node extends
d10550629a2c59d8fb393460d35c8e89950fbc6b,fixed added performance
fbccd8c58f794a6207b7110a260e31e3bb85e272,changes for re sharper
0f0d3a8238371f6dfc2a9390aeec901f4d396243,fixed npe
3ade0cb315142cc1e49a0744e63dfe7a4f15d7e3,parsing css inside html q
1a8c59ab85ba582255b90c5b7b666032d2ca50b5,massive changes
7d8a31625cbf0fde8048d380ca2c2d24b6aad493,parsing css inside html q
0fca28b3b50970bf952057151995a87d876a7fc4,jspx text
f2bb35de0ae0f9aa5e588679d7a71c0a8f7a72cb,new tree structure into jspx place
2f6f734d2b8f61bc76efc9d7bb363abbe7353ae3,first replace statement expression implementation
d3a641b9463e67e5645ea4522c5a167194466039,navigation to source search
4039bfdad681563250549fde78d735db0b9cedc3,fixed issue with tag
f43401cf4982cb3c2fba6924b984c64b6c7859e7,tree node extends node for
20f3a50de3981c61ce8464416ea9010c67fadb32,added usage view to openapi bundle
a4e7519b7e20e590c2ea37e2acc9ba824610352c,project tree builder test
53e43c1c98c03cf6c53a0c766f170bdd65dcfcd4,added usage view to openapi bundle
8dbafd8f7bff0cbec33861ca5ffaa86c0ef7cc4e,tree node extends node for
effdbb21184518a03ff9a9f794a930fd64a9c06a,xml tag get value bugfix
025aae897a15cba69243f7077ff82b4c164effa8,test fixed around file
2d13522e3d7bbf06025593956cd12805505c5ff7,new tests
faa2808bc35272bf1927759991a793d08aa7f35a,pom aspects
0dcbd34b7dbb5414e5e1f622fc57142012f361c6,some minor speedup for
3caa754dd8ceeaf2478de0837ef8683f8ede2877,some tests commented
f01f43657982b51061682e12b500770bcd5474fd,new xml structure
5663a2f28a28b600ecaaadfbc5996364060f11f7,scr num
bbab348894ae35cce24d368b09002e3aa02c49f3,added usage view to openapi bundle
4a031a4abf1ef7158cc9060786559cdbc2bba2ab,fixed issue with too
eed9665426df8fb24afaf64d0dd6181777fe8315,rolled back stathik changes of css
d27db10f6f2a85b5a9d2a4a871651e779365d124,new tree structure
e51c3822fdfb6db1978095c3512645642a7e6f29,new tree structure into start
ad86715bbcdb87989838523e8252ef12cce51190,added support for dag type
76dd0fc0a914613435ddb0590bc90016d33aca08,form merger tree structure provider
7e9e1db3f96ebfd1756af98e270a16f790432fcc,scr num helper
5972d0d3fba713047b674885ce984d7ac448855a,tree node extends node for project
5e0e987e2fd42a95c383c1b569ab990b197b903d,scr num
92134a34ec522b0f2affde37ddc7ad3dab64447e,scr num
00211baf2519900fc0b015aaf6b9e7e674054646,rolled back stathik changes of css
f387b777079fe42f83b396ec5c9df79df8a8ca6e,form merger tree structure provider
65cb0932f10890be8fe0a531a00f82dd18c579fd,new parser
013e953c5a5a5cfacd9f808b3fca5299e85a9397,new parser
57c97cbb9b0fabf660df4d0398611990125adc92,added intentions belts
c823ce68a80a10a4a5d511694bb01ae8210f41b3,generify and others
2f507339a17320d107aeba961b4449f583b939ec,fixes in completion
ca23df968b2ae14057e3b43be267324356aab86f,jspx synchronization includes support
71a03aeb216c14ea9c1af447814804c06ff551b2,tabs refactored to outer space editor
787b5b6682345983b7616f733dd763015ce1451c,massive changes
69d843e0fef6b6bc7f2efe74561e866d6507423f,several fixes in substitution mechanism
3e417913c7051052d53795b41f694daf625490e4,form merger tree structure provider
ad60dcd2a892e1cf531b1b37867d385a88a70b28,some fix in jsp exception in get
c6b75467d82fc93a6047c08f9c3c3a7c2b801330,structure view filters
381e37bb790930df1497b44c06a1793e764e184c,tree node contains
2fe2b8206d1000cfe9aff1e88ce750d83c6c73e5,some minor speedup for
ddfdb2135b592b3f818bdc9ef30946f5ed4b4564,visibility comparator fixed
baef9dbc61e8407836b86ec43e1bee54683f9397,scr num
3a1262841e65dc37a566842602b826b492de31d7,tree structure provider
e8a59e60e36518f17f45b8d67e170651a499821e,patterns are separated from fabrique
1bf2fabfbdacef312d320580b6981c1a59bf1131,tests from com intellij ide structure view
6490e1419063a7592244f00f37b982582af670ea,tree node extends node for
f5bc57a1abea2a1da0fe2a61cbdae03fa1cf46ad,tests from com intellij ide structure view
1297774d5e31bc9591f2cbd84b2b7f81c84fc760,massive changes
b6781ffa3dd554b210874b20f5b76b02f7923202,fix for visibility while resolve
3d25167128b8546966ad0011fd3f3b24f272e429,scr num to get component
e967df2e3cf7c8b8e9d26d905e110ab51662c7b4,visibility comparator fixed
2bc8d338b096f41c39780dd65b23b83107cf8702,fixed issue with npes of map
8f8fc3f77ad89f890ab88953284149e68c09e678,jspx synchronization not
808b0f67f76f7053f0318ec3bc8cf0f33200c9a1,tree node extends
33c7a8bc81baa49223fdd8b00ef39ef89252d583,fixed issue with npes accessing after async processing
60a798244894bfbf9056621190a172535862d115,tree node extends node for css
5d5ddecd18547c39a8626bc91b01fd5ea7f665b5,fixed npe get name
091f2c5a7d858ea904016068d5169efab2e13588,fixed another issue with xml
c385ae0260429018be69ee73344842cd610e6295,fixed one more html tag
61198a03661952b9830599455f15d470a235f624,fixed npe on file
285f86efaa55fb7ea2e88d7d86155ceba9ab01bb,new xml structure
e7a0e1bd95196a279ad7ad25fef9e87ccd5eb4ec,using xerces for online xml validation
bb1524e669f4b8a01285806dca476616a4ba5868,supported import keyword completion fixed
f1b6975e81a85f36da4288dfe66901a409265dbc,fixed npe scr num
6e82b032b5e278ed224910ff748568f8375eff4e,massive changes
c11406cbf10470d26978a29841ea2c091795e3a2,scr num get
7dfec8c7ac61c7497666d0cf22297fd13558475a,new xml structure
4ce08afc59ddb88ff238f83008e6648df5fe3e80,fix for igor k text
88272dbc91bd1378436ee64bca72eab58098f793,tree node extends node for css
2d868b403151c6124c071955cb5d9900f4a50062,fixed xml highlighting problem when
ce3a4535a10db08ce5c0f085b8d045c4efc1a5f3,scr num
1fd8e684106c422e379de814ee8af414706cb8ad,new tree structure schema
8ab5b12d8a74a651b53dafac058cb07eaa7de728,tree node extends node for css
1ac81a533ca88fd284c4432da69680a6d7e1d807,new tree structure into
814fb516d6d12d9eda22f4b2c2087fc22229467f,new parser version
c8933388ba3442862a33e1617e023ac3f5204bd2,fetch external resource also
18982ca53413d774cc2d440393997d3e3e9da3bf,massive changes
a161032e02bc6ce0dc46f6db96243228634c9c67,new tree structure into
1b1809f78ba5bc35ca1a3cf7ec1c5dac340360a2,test fixed around file
7edfbfacdad5338421a6ab0b3f34fb19831ca26f,new xml structure details
33cab312167ffe520b13a8183b6bac95c0a92052,update cached length must not be
4c26f5a3f7c6a483d21c1bc49fb897394c8883ff,tree node extends node for css
c25bb6167129235dc2381e1dd6b63025feb43157,tree node extends node for css
17c639042987433fa6cbb58725467b27094fa88d,tree node extends node for css
fb0486e6ae92440023ef83fbc2f5fe42beb9e9c1,new parser chameleon
a9e7f59ff1bb07196e4ca5e81476c7acf50fb4cf,percentage on toolbar for background processing
dfd3397ea17c9daa8c140bca8c46e91bbc133d7b,fixed issue with truncation of number count
bfbb71e392d144016134ad72a580841662c4ddac,scr num
a3c68119edf1aa7d7e79e82c43e2ad73b72038cd,fixed issue with complex attribute
84049b3b475936c14a4ff03f0d1f6bed54195366,added read service key
68d2d22a2df5e0eb607c7f62b4a03bfbb98f4fa0,scr num
8d0c5db62475d9b83ab891e6ca9c0a7253a7b3fd,massive changes
ea2612b2836abd76105a66d7b90a113f171ee816,fetching resource does clean up ignoring references
bc218fe527f5abac140cc5e2b1a83a72c794c6c9,tree structure provider
4c13edf8dbe66a9fbe2f501b1d373760a3462516,fixed npe on
9bcb9708779d8d027bb8c1bc6db3ef8a629a6cd1,scr num
11fb8f6015f266a35e9ac5b14a07b3461175faa8,fixed issue with tag num type
f12c944c21170a390be3761e5272a51115dda5e0,fixed npe on empty tag name
725d9eae85f32aa149d5e189833ae71f6b64423d,xhtml has new grammar html
c781f8f4e08d74ee0699893e827b5940f78c3556,visibility comparator
874ddb612db41e5b7a86e8dc74c4c4283c9030a6,test resource from start clone
45be01a6cba53b3f9f7f617260104191140e842b,tree node extends node for
fc659a57f705562735da70da4938056ae21df7db,massive changes
4ad52746ad675e158ea7f82dd4244d12578def5d,fixing non compilable code
2572bd18e029e08232d35aad556e3b4d1f4da305,implementation of document guarded required by compu ware
88a174a86610abfd944f6f909d374458bbb05e3a,implementation of document guarded required by compu ware
c7f3359a5a91af12fad122d8ec92ec95e0bb54f3,first variant of group field
ca8084ea7a7001ab1be14241cab2eec04c00f7f4,fix for scr num
487fb1cab1d17fb1b58066d9123c8ead1aca79ec,fixed npe problem with
817a6628f59aa1a1d78d018e0046b2f09ee4fe0c,scr num
57bd2755bccdd9624cc4ab9fef3c197eb7fc74c1,fixed issue with highlighting of class
e62040d76fa51f513342ae6031aa83b511df3c93,first replace statement expression implementation
d5980a0bffc2b43aad170f819fde8393377f75f8,scr num
94c3894f93258af114f6de438bffc6b481dadef6,fixed issue with npes of number count
544a31706787094f85ebcebadf343e960e46c1a7,scr num
1e7bfa2436ef66db6548e9b98012e8f67d0d5400,custom file structure api
4cc1e05818f59fc3cca5706c9355bb4c6cb2070c,new parsing now is production
047c1f6ee64c6b669b460fb3e9227a2d2be232ad,values use defs
e64385b7ee997ab631f9d036769cc9e24f9aa172,scr num
37dac81551492f033fa8925a1e450006951f583c,new parser time
1f8a48c4160889bf563896329f3081955df2ea4f,form merger tree structure provider
c92da25e491416fc05035e0e53bcaf152bcf60e9,wizard step knows if finish commit
6f2ac90bb1f2b06661d8c036a4272057c128b32b,reverted back module groups
19b21d436df8c47097ee4bd6fbe54b1ad996d8b4,tree node extends node by css
9b11a7ff2b9a1b4954e00266a77cae8bfe217e27,performance optimization for jsp xml
72d939df47c1bec7bc5f4f09e4561f139b658170,new xml structure
b64f8fffd3a194a07b277f6ca29d64d81caffa9e,first variant of group field
422ec2e790892f2ec8269e71d251b0ed8bf5d6ac,new tree structure
780d1a3dd56a04d9e0475e747cbf7da05c433229,new xml structure
e76a085d2d30640733d25e9965ecee11b204f4f1,fetch external resource also
705f879b5c94bf659478fb2931716205524edf3e,some fix in jsp tld
e25e75a6fa1d055110d0801c5687de0e3fc42028,refactoring compiler
18adf7f7c48d2252b73904072bed6854142953a0,new xml structure
3ce9c08c38f1b3924ba955c70a3d0ad634e4963d,implementation of document guarded required by compu ware
1ef08842c1223d740bbf1499d109d1e4c7f51515,added scr num functionality keep
e7d0ced9ce3c85144e6331ef6cef05ccc090b7eb,completion fixes
374aedf98b470935d57fb913c951e1903181a055,fix for rabrique
331afdff73869759d5f20eb2de496b824520b50a,test
df86e13162c97eb1ecc89edcab9b15cae6f655fa,fixing num leaks
ae83e4d04199a1292b91990a6ba7ecf1b25e7227,fixed npe scr num
a755054286e99056997a4325bb41a21879ff201c,scr num get
83a66ddffbd62b4523535e72802bd2dc513e36b6,fixed npe on containing file
307e64645f3286cbb4d301b277d7203ea04d1798,fixed npe for
59e5cdbc0046dfffb63c7907b29feb2fb440f3bc,new xml structure
72e2005750c838a3e3761c6a27c65170f3595fc4,support for css highlighting
7e70ac4fddcde854f876a1ea443ac0dda131bcaa,added usage view to openapi bundle
8c3ed02dde0866127c24082b4ed7dae2a709f6fa,scr num helper
4b5ce456aab5244791e489407e91937842c73953,scr num
2543de0f10a0c9ef741fccb97cedcbdbcf6f85ef,scr num
9b2b19be53ed8eea9fcdb8bb0fcba8bfb7df2412,new tests
be65568e8ea7d140fadd7eb144beb0e559d737a3,indent working wrap
eea0e1c43f070d439ed7c0ec919ccfed45bf4282,fixed issue with wrong dir for first find map
0e1ed26763cdf6eb9fbe583056dad46bbf8a0f68,jsp fixes includes
f36f32edef5b0d6ddddedbe89b0ee7c65f560ee3,script is integrated with file
f18ca65da6bfa08f02bb1ba0b77a75d222dec60a,performance leak fixed and tests
4ac241612a2c5e0fdf2448a9a43db9837ad0a420,scr num
f5c797451dead95941be972dcada8ef999a4e880,new
3d2e2330fca14bdab9ed8f710c4ef00904d93cd3,generics resolve with substitutor num
9d87232851986264edb109c260b5823327fff42c,new tree structure jspx
670377fb3832868dad8578fc788e6fac8f76bfc9,test option again
f7e5d0007df054247ffd5291c17ec966da5a3fd7,rolled back stathik changes
e319c9ed5701d848300bddae7cccdb112024e517,lexer script states to
bd63159bcdaf6307882c3d3505587163674a79d7,values use defs highlighting replacement
37743ec1c86d67fdaf7f1318cf9197c60c71aaf8,scr num
91ec92312a19b3478dba7512b01ed89e7253c620,time bomb only
ba94c41762e1d507a2ec5dd5524e6a3c3df66359,time bomb try
fc03217c3e346add1392497faaa7a6470bcc0710,form merger tree structure provider
739e74837c9af4d3c78c28d194bf5262a90b6c5e,performance optimization for jsp xml
5ea555dfccd4a02e09317e4bda4453f07c403a8d,scr num
165d714a576dd59ece15f0c47e499b288c2ec98f,scr num and move option
14985ac4ad27c9e1b0ecc36fcb4b439b7b72d00e,scr num
6ad5cf82a942b2b01b657b9414d57db6aa85aec3,fixed issue with truncation of number count
36a31c6907ac8c0690a4ca16775c3f60c547f553,reverted back dave s to
9e4480dfc74ae625c185d7b3a64cde9d824af9e9,time bomb
c2c87263327edaa17b4c08fb4ad28f0c8359628c,time bomb
52ce7be5f25e6b857e32c6ec67b2c9b10c6a0fd7,new
81d86c6721316a0473343eb7811b01296f210645,scr num
6aa0cfcda3a0ed450226c71e9c1cb38942804d9d,scr num
ae6c17aca43cccb9240de5c496af886ea8d89015,fix for scr num
5e0c30f9f52bc78ecfa8970ce660f33fcef305e8,scr num
7d0114117983747f2687ee7ec96d21f98853a19d,scr num fixed
4d14c8bc2a23802dbb2cb6cabbc0925bf6f62a84,test
